blocksize,exp_n100_pbkz_t1_dg,pred_n100_pbkz_t1_dg,pv21pred_n100_pbkz_t1_dg,exp_n100_pbkz_t5_dg,pred_n100_pbkz_t5_dg,pv21pred_n100_pbkz_t5_dg,exp_n100_pbkz_t10_dg,pred_n100_pbkz_t10_dg,pv21pred_n100_pbkz_t10_dg,exp_n100_pbkz_t15_dg,pred_n100_pbkz_t15_dg,pv21pred_n100_pbkz_t15_dg,exp_n100_pbkz_t20_dg,pred_n100_pbkz_t20_dg,pv21pred_n100_pbkz_t20_dg,pred_n100_bkz_t5_dg,pv21pred_n100_bkz_t5_dg,exp_n100_bkz_t5_dg,pred_n100_bkz_t10_dg,pv21pred_n100_bkz_t10_dg,exp_n100_bkz_t10_dg,pred_n100_bkz_t15_dg,pv21pred_n100_bkz_t15_dg,exp_n100_bkz_t15_dg,pred_n100_bkz_t20_dg,pv21pred_n100_bkz_t20_dg,exp_n100_bkz_t20_dg,exp_n100_pbkz_t1_tern,pred_n100_pbkz_t1_tern,exp_n100_pbkz_t5_tern,pred_n100_pbkz_t5_tern,exp_n100_pbkz_t10_tern,pred_n100_pbkz_t10_tern,exp_n100_pbkz_t15_tern,pred_n100_pbkz_t15_tern,exp_n100_pbkz_t20_tern,pred_n100_pbkz_t20_tern,pred_n100_bkz_t5_tern,exp_n100_bkz_t5_tern,pred_n100_bkz_t10_tern,exp_n100_bkz_t10_tern,pred_n100_bkz_t15_tern,exp_n100_bkz_t15_tern,pred_n100_bkz_t20_tern,exp_n100_bkz_t20_tern,exp_n93_pbkz_t1_dg,pred_n93_pbkz_t1_dg,pv21pred_n93_pbkz_t1_dg,exp_n93_pbkz_t5_dg,pred_n93_pbkz_t5_dg,pv21pred_n93_pbkz_t5_dg,exp_n93_pbkz_t10_dg,pred_n93_pbkz_t10_dg,pv21pred_n93_pbkz_t10_dg,exp_n93_pbkz_t15_dg,pred_n93_pbkz_t15_dg,pv21pred_n93_pbkz_t15_dg,exp_n93_pbkz_t20_dg,pred_n93_pbkz_t20_dg,pv21pred_n93_pbkz_t20_dg,pred_n93_bkz_t5_dg,pv21pred_n93_bkz_t5_dg,exp_n93_bkz_t5_dg,pred_n93_bkz_t10_dg,pv21pred_n93_bkz_t10_dg,exp_n93_bkz_t10_dg,pred_n93_bkz_t15_dg,pv21pred_n93_bkz_t15_dg,exp_n93_bkz_t15_dg,pred_n93_bkz_t20_dg,pv21pred_n93_bkz_t20_dg,exp_n93_bkz_t20_dg,exp_n93_pbkz_t1_cbin,pred_n93_pbkz_t1_cbin,exp_n93_pbkz_t5_cbin,pred_n93_pbkz_t5_cbin,exp_n93_pbkz_t10_cbin,pred_n93_pbkz_t10_cbin,exp_n93_pbkz_t15_cbin,pred_n93_pbkz_t15_cbin,exp_n93_pbkz_t20_cbin,pred_n93_pbkz_t20_cbin,pred_n93_bkz_t5_cbin,exp_n93_bkz_t5_cbin,pred_n93_bkz_t10_cbin,exp_n93_bkz_t10_cbin,pred_n93_bkz_t15_cbin,exp_n93_bkz_t15_cbin,pred_n93_bkz_t20_cbin,exp_n93_bkz_t20_cbin
40,0.0,0.000004,0.000004,0.003,0.000181,0.000192,0.008,0.000431,0.000457,0.008,0.000694,0.000735,0.017,0.000957,0.001014,8.015386493278237e-08,8.731755026528244e-08,0,9.239351541309818e-06,9.904015830832288e-06,0,7.109290952692325e-05,7.57449126349415e-05,0,0.00020455335316412146,0.00021741656040521348,0,0.0,0.000002,0.001,0.000086,0.007,0.000205,0.003,0.000332,0.008,0.000459,2.9148448867620425e-08,0,3.871760676861881e-06,0,3.169588886026602e-05,0,9.38147183237921e-05,0,0.0,0.000004,0.000004,0.003,0.000149,0.000153,0.003,0.000350,0.000358,0.003,0.000563,0.000576,0.011,0.000771,0.000789,6.296549901937755e-08,6.581514927258307e-08,0,8.857315523587569e-06,9.132545053973279e-06,0,6.621564000014944e-05,6.796563992878193e-05,0,0.00018312120632600515,0.00018766122633752388,0,0.0,0.000001,0.002,0.000051,0.002,0.000121,0.007,0.000195,0.002,0.000268,1.5075714880076487e-08,0,2.594517184727843e-06,0,2.106101543255576e-05,0,6.036499797580699e-05,0
41,0.0,0.000011,0.000012,0.003,0.000442,0.000469,0.008,0.001007,0.001068,0.01,0.001586,0.001684,0.019,0.002163,0.002299,1.430565310828522e-07,1.5605440838295503e-07,0,1.603309253219004e-05,1.718960840572115e-05,0,0.00011546098649363954,0.00012303314805914056,0,0.00031755590709952474,0.0003376301490660291,0,0.0,0.000005,0.001,0.000208,0.008,0.000477,0.004,0.000755,0.008,0.001032,5.1080082282104215e-08,0,6.665019135385028e-06,0,5.115035328493403e-05,0,0.00014471945840458295,0,0.0,0.000011,0.000012,0.004,0.000361,0.000370,0.004,0.000812,0.000832,0.007,0.001278,0.001310,0.013,0.001736,0.001780,1.1479204198038458e-07,1.201116277483829e-07,0,1.5243024769856767e-05,1.5717877346233826e-05,0,0.00010588253646666336,0.0001086902731676249,0,0.0002796980345713067,0.0002867035335489924,0,0.0,0.000003,0.003,0.000123,0.005,0.000278,0.008,0.000440,0.002,0.000599,2.674014987596531e-08,0,4.403428808909342e-06,0,3.326753598794778e-05,0,9.105500838653158e-05,0
42,0.0,0.000024,0.000026,0.003,0.001045,0.001108,0.009,0.002754,0.002924,0.015,0.004698,0.005002,0.021,0.006718,0.007175,5.782261061223079e-07,6.289423320056365e-07,0,8.053002097478926e-05,8.587030086488923e-05,0,0.000594179588647205,0.0006297873904162668,0,0.0016279054223854123,0.0017237190442262215,0,0.0,0.000010,0.001,0.000499,0.008,0.001344,0.005,0.002322,0.009,0.003351,2.0980656077740706e-07,0,3.517948487917972e-05,0,0.00028014349779848825,0,0.0007943147539850745,0,0.0,0.000025,0.000025,0.004,0.000842,0.000862,0.004,0.002179,0.002233,0.009,0.003685,0.003787,0.015,0.005234,0.005394,4.6225317656920787e-07,4.824954026925901e-07,0,7.257684665456443e-05,7.453273244221426e-05,0,0.0005090428198871613,0.0005206483851639354,0,0.0013357847394286028,0.001365905584421542,0,0.0,0.000007,0.003,0.000290,0.006,0.000770,0.008,0.001323,0.002,0.001898,1.0963606023167071e-07,0,2.2311263238798706e-05,0,0.00017283396613602137,0,0.0004731595523723588,0
43,0.0,0.000058,0.000062,0.003,0.002279,0.002417,0.014,0.005906,0.006296,0.019,0.010013,0.010741,0.027,0.014035,0.015156,8.088030221218374e-07,8.813015084580476e-07,0,9.54042611343992e-05,0.0001018725711389414,0,0.0006312104841586059,0.0006701670700464681,0,0.0016286348539494332,0.0017277539002273638,0,0.0,0.000025,0.002,0.001107,0.01,0.002939,0.007,0.005066,0.012,0.007181,2.8708700734415495e-07,0,4.084187859075265e-05,0,0.0002907572224295348,0,0.0007746614533914049,0,0.0,0.000057,0.000058,0.005,0.001803,0.001846,0.005,0.004607,0.004739,0.011,0.007726,0.007993,0.022,0.010768,0.011204,6.611746429118497e-07,6.910539450373539e-07,0,8.640253808517665e-05,8.881680610703605e-05,0,0.0005427464119048465,0.0005557699451124654,0,0.0013433835675156088,0.0013754679736847884,0,0.0,0.000017,0.004,0.000632,0.007,0.001663,0.009,0.002840,0.002,0.004005,1.5185313215000345e-07,0,2.5771953180459558e-05,0,0.00017802443049672587,0,0.0004583336237438373,0
44,0.0,0.000124,0.000132,0.005,0.004201,0.004465,0.015,0.010434,0.011197,0.026,0.017041,0.018486,0.036,0.023350,0.025594,1.836582237618134e-06,1.9989890274744794e-06,0,0.0002094427624779396,0.00022318407533239762,0,0.0013044495736990356,0.001383402573430881,0,0.0032343981279131474,0.0034328348447015284,0,0.0,0.000054,0.002,0.002067,0.012,0.005273,0.01,0.008774,0.016,0.012192,6.52961182551405e-07,0,9.126160333594242e-05,0,0.0006139913634091913,0,0.0015750097004270335,0,0.0,0.000119,0.000122,0.006,0.003272,0.003357,0.01,0.008042,0.008323,0.021,0.013034,0.013615,0.028,0.017808,0.018770,1.5104977289915702e-06,1.5771624709940994e-06,0,0.0001856704196042013,0.00019056751910715594,0,0.0010938461892855687,0.0011194394084978229,0,0.0026070719973471618,0.0026714887470132213,0,0.0,0.000036,0.005,0.001162,0.009,0.002945,0.01,0.004866,0.004,0.006742,3.466193842884822e-07,0,5.649339073581224e-05,0,0.00036755174519926393,0,0.0009128690604055386,0
45,0.0,0.000289,0.000307,0.006,0.011047,0.011788,0.021,0.030666,0.033498,0.034,0.051819,0.058047,0.051,0.072174,0.082771,1.3114707244958585e-05,1.4152615655748837e-05,0.0,0.001714300455219995,0.0018110365846474622,0.0,0.010324187022449976,0.010949516615235487,0.005,0.024448383110217648,0.026294543850727298,0.01,0.0,0.000129,0.004,0.005823,0.015,0.017205,0.017,0.030358,0.026,0.043751,4.989054345481591e-06,0.0,0.0008414272181639339,0.0,0.005602969274663954,0.0,0.013982176846033482,0.0,0.0,0.000267,0.000274,0.006,0.008432,0.008690,0.014,0.023092,0.024299,0.029,0.038817,0.041767,0.046,0.054035,0.059375,1.0522559286881255e-05,1.0909960178506977e-05,0.0,0.0014256357259373553,0.0014548567934331924,0.0,0.008129543974129136,0.008339706170590048,0.005,0.0186332847191492,0.01936119850719259,0.0,0.001,0.000084,0.005,0.003256,0.012,0.009578,0.012,0.016868,0.007,0.024345,2.6350451518373456e-06,0.0,0.0005062961273519189,0.0,0.003276422007031165,0.0,0.007977771334958016,0.0
46,0.0,0.000665,0.000705,0.014,0.025797,0.027892,0.033,0.065505,0.074045,0.067,0.102030,0.119953,0.09,0.134599,0.163555,2.0767906265873554e-05,2.2404114871809047e-05,0.0,0.0024672132795535207,0.002606858530135408,0.0,0.013725741980327595,0.014607612642913756,0.0,0.03105566254718084,0.03363654079136126,0.025,0.0,0.000306,0.004,0.014515,0.024,0.039796,0.042,0.065300,0.067,0.089800,7.868829890244754e-06,0.0,0.0012184022577853251,0.0,0.007510546800212514,0.005,0.01794938775480764,0.01,0.0,0.000595,0.000608,0.015,0.019300,0.020133,0.026,0.048551,0.052674,0.057,0.075846,0.085255,0.076,0.100646,0.116659,1.6714366829835262e-05,1.7323874517499266e-05,0.0,0.0020233768081091793,0.002065474651041851,0.0,0.01066595900909609,0.010976105657508943,0.005,0.023426810074940862,0.02449235901253308,0.02,0.001,0.000195,0.007,0.008040,0.019,0.021972,0.029,0.036274,0.029,0.050354,4.148923089235914e-06,0.0,0.0007211087001443854,0.0,0.004319414312999148,0.005,0.01009664637168795,0.005
47,0.0,0.001569,0.001658,0.026,0.050087,0.055381,0.083,0.112091,0.132150,0.135,0.164036,0.203166,0.167,0.208432,0.268201,4.220861310086633e-05,4.5434234964640015e-05,0.0,0.004344289754645008,0.004589997629225136,0.015,0.021950415308084496,0.02351604430442708,0.02,0.047035945771896015,0.051641522117749125,0.055,0.0,0.000755,0.026,0.029985,0.057,0.073339,0.101,0.114151,0.135,0.152269,1.6215374961952675e-05,0.0,0.0022023131786171736,0.0,0.012399497191430816,0.01,0.02823981619146847,0.035,0.001,0.001358,0.001386,0.026,0.037042,0.039425,0.062,0.083063,0.093657,0.102,0.122813,0.145070,0.155,0.157682,0.193438,3.405639156859792e-05,3.523286044554977e-05,0.0,0.003522818538021381,0.0035977140237443295,0.0,0.016924331825222513,0.017527576167544218,0.025,0.03537338077241363,0.03744932129795573,0.045,0.003,0.000469,0.016,0.016540,0.047,0.040777,0.07,0.064537,0.08,0.087652,8.58757495460041e-06,0.0,0.0012949281060983284,0.0,0.007105968791332736,0.02,0.01590467078535962,0.035
48,0.003,0.003507,0.003701,0.063,0.084375,0.096090,0.153,0.170573,0.210462,0.244,0.238149,0.310286,0.255,0.293529,0.397335,8.622996908709302e-05,9.257626884496978e-05,0.0,0.007588736284261383,0.008026360532563906,0.02,0.034752548284832874,0.03760127132453543,0.025,0.0704701185961983,0.07877834266511648,0.04,0.002,0.001765,0.051,0.053751,0.107,0.120460,0.182,0.180421,0.225,0.234557,3.3768313448392024e-05,0.0,0.0039707089907345975,0.005,0.020415795971182232,0.035,0.044338235510679315,0.05,0.002,0.002949,0.003008,0.045,0.062259,0.068070,0.112,0.127526,0.150246,0.171,0.180880,0.225105,0.234,0.226045,0.293249,6.964282028065919e-05,7.189185958596428e-05,0.0,0.006093252562124986,0.006232238518850093,0.0,0.02665558018428204,0.02786751489722137,0.03,0.053002365632927366,0.057072168007582545,0.065,0.004,0.001076,0.033,0.029794,0.081,0.068340,0.132,0.105300,0.156,0.140738,1.7968796744801087e-05,0.0,0.002326562486053711,0.005,0.011710788784551208,0.02,0.025142869759874644,0.03
49,0.005,0.007307,0.007712,0.113,0.129904,0.153164,0.231,0.241822,0.312082,0.361,0.324081,0.440980,0.375,0.388467,0.545609,0.00017627339468110733,0.00018868135310685252,0.0,0.013098945458180194,0.013892506254124488,0.01,0.054225555600850454,0.05949023002863,0.07,0.10392197011200745,0.11883440614005425,0.105,0.005,0.003856,0.093,0.088434,0.179,0.185003,0.281,0.267399,0.365,0.338451,7.075227860538711e-05,0.0,0.0071162925667059874,0.035,0.03339728371065824,0.04,0.0691456729550865,0.115,0.004,0.005994,0.006121,0.078,0.096337,0.108833,0.179,0.183459,0.226511,0.263,0.250908,0.328513,0.346,0.305803,0.416962,0.00014231997816350594,0.00014655942278325788,0.0,0.010428977378978296,0.010700637422654365,0.015,0.041493504681217735,0.04396173005240985,0.04,0.07844074647670078,0.08632976517411003,0.1,0.007,0.002319,0.059,0.049742,0.131,0.108456,0.22,0.163445,0.251,0.214991,3.7854471697467626e-05,0.0,0.0041681449278474225,0.01,0.019273352672209414,0.04,0.03974701518785303,0.075
50,0.007,0.014221,0.015052,0.161,0.188136,0.230277,0.319,0.325681,0.437025,0.45,0.419915,0.588074,0.475,0.490052,0.698517,0.00035924974705656555,0.0003832837612770997,0.0,0.02225224495655743,0.023723001889358337,0.03,0.0829974940094546,0.09273369174640916,0.13,0.15009815655493175,0.17625803737681325,0.205,0.015,0.007885,0.139,0.137593,0.29,0.270344,0.387,0.376071,0.499,0.461832,0.00014862591162933126,0.0,0.012634035779635934,0.025,0.054047679749713605,0.075,0.10652153211556292,0.125,0.012,0.011431,0.011714,0.129,0.141035,0.165380,0.254,0.251856,0.325640,0.35,0.332668,0.455006,0.438,0.395642,0.559477,0.0002896783673862773,0.000297535791416092,0.0,0.017601849772658912,0.018160120031496453,0.025,0.06357246167485639,0.06856517108026257,0.08,0.11413562227368587,0.12900951983228895,0.14,0.011,0.004700,0.094,0.079375,0.195,0.166032,0.318,0.244443,0.381,0.315435,8.004181034236413e-05,0.0,0.00742596787508925,0.01,0.03157744823693856,0.04,0.06258621156646509,0.075
51,0.01,0.026005,0.027694,0.249,0.259979,0.330096,0.422,0.420267,0.578949,0.555,0.521822,0.735256,0.604,0.593361,0.833492,0.0007267324250566297,0.0007727145896227139,0.005,0.03703295835145473,0.039812125007820706,0.03,0.12400742712432415,0.14169062583278755,0.12,0.21128768078224913,0.25531856957195553,0.235,0.023,0.015201,0.212,0.205113,0.403,0.377553,0.537,0.502805,0.656,0.596621,0.00031166006732780946,0.0,0.022129011138873503,0.025,0.08608160029362223,0.09,0.16104331177700332,0.115,0.02,0.020574,0.021223,0.179,0.197964,0.241537,0.354,0.332569,0.447620,0.478,0.424358,0.597623,0.568,0.492548,0.706837,0.0005848560086063263,0.0005991495064165802,0.0,0.02917920967050435,0.03036525450666641,0.02,0.09544102261866569,0.10527758854783238,0.07,0.16253122986643653,0.18939741185845385,0.185,0.018,0.009026,0.14,0.122796,0.29,0.246503,0.444,0.352696,0.54,0.443884,0.00016919443309840586,0.0,0.013115163366181872,0.025,0.05131043592754157,0.1,0.09768563389710286,0.185
52,0.031,0.044929,0.048328,0.332,0.345023,0.451925,0.527,0.521661,0.722913,0.665,0.624263,0.859863,0.708,0.692336,0.929105,0.0014537775658084572,0.0015405655790030157,0.005,0.060114398672008316,0.06541372120676923,0.09,0.18003180418445622,0.21096375930995828,0.155,0.28857016691868587,0.35840121511894113,0.33,0.038,0.027804,0.3,0.293985,0.534,0.503062,0.68,0.637602,0.783,0.728608,0.0006499818766225986,0.005,0.038084979947240034,0.04,0.13413616496719055,0.155,0.23715157988159724,0.295,0.035,0.035156,0.036637,0.251,0.268023,0.339921,0.445,0.423796,0.586216,0.583,0.522358,0.740559,0.663,0.591855,0.837299,0.0011673586522168858,0.0011929361020264267,0.0,0.04731346311466976,0.04985143494590322,0.055,0.13978948522611698,0.15834484357043568,0.125,0.22551814600333375,0.2713621557650865,0.23,0.026,0.016546,0.23,0.185042,0.411,0.354118,0.594,0.488075,0.685,0.594217,0.00035638242326897605,0.0,0.022883645952925392,0.025,0.08231493236226638,0.145,0.1502300203308476,0.23
53,0.065,0.073659,0.080365,0.451,0.440921,0.588942,0.649,0.624113,0.847597,0.753,0.720787,0.943475,0.803,0.780895,0.979029,0.002863876804676188,0.003025520546782866,0.01,0.09474148669166353,0.10475809578932804,0.115,0.25285484221784305,0.3039807666821143,0.27,0.38088696231314506,0.48335757664633217,0.385,0.059,0.048490,0.413,0.404362,0.68,0.636926,0.804,0.764921,0.886,0.841092,0.0013425575566198254,0.005,0.06409580360231544,0.075,0.2030799881869226,0.23,0.3373317846508441,0.335,0.059,0.057294,0.060568,0.347,0.350772,0.459757,0.556,0.521815,0.726869,0.695,0.621425,0.861885,0.772,0.687787,0.930144,0.002294650069801852,0.0023400404221039306,0.015,0.07472884237967384,0.08005368235221837,0.09,0.19892418387691188,0.23194572962435514,0.28,0.3036853729003167,0.37658372485442354,0.375,0.045,0.029122,0.337,0.271207,0.555,0.488498,0.74,0.640980,0.836,0.747985,0.0007451520595196342,0.0,0.039300909754328615,0.065,0.1296605859834119,0.2,0.22595590509044425,0.285
54,0.101,0.114961,0.127709,0.571,0.543139,0.726711,0.74,0.720912,0.934578,0.827,0.805343,0.984333,0.874,0.854282,0.996247,0.005530032187122144,0.005827872685445684,0.005,0.14428875761138366,0.1626520739980103,0.14,0.342236158331668,0.4206292771027888,0.345,0.4843775521729724,0.6209202653481651,0.52,0.09,0.080873,0.538,0.531308,0.795,0.763672,0.909,0.868553,0.956,0.921816,0.002733419819395013,0.005,0.10487889466220505,0.115,0.29639072457179694,0.395,0.4594956647770698,0.455,0.082,0.089354,0.096213,0.455,0.443920,0.594278,0.66,0.621202,0.848908,0.793,0.715443,0.943721,0.84,0.774489,0.979032,0.004425088684114074,0.004506384307238538,0.01,0.11449904573678082,0.12520341809379804,0.18,0.27398986973194683,0.32869137473798377,0.28,0.3955503277985965,0.5020413946348694,0.39,0.064,0.049407,0.454,0.384324,0.692,0.639914,0.862,0.789388,0.934,0.876802,0.001540605639995265,0.0,0.06615167085391807,0.105,0.1991732025981342,0.215,0.32934331358810887,0.4
55,0.159,0.171170,0.194140,0.66,0.645353,0.845854,0.825,0.805762,0.979953,0.888,0.873662,0.997392,0.932,0.910158,0.999660,0.01042508362376757,0.010971257740658597,0.01,0.21147162958653598,0.2434274307519369,0.265,0.44508154804869676,0.5546195211248578,0.415,0.5924700774991605,0.7545604494375785,0.585,0.141,0.129135,0.667,0.663593,0.883,0.867154,0.959,0.938857,0.982,0.968827,0.005463159560706451,0.01,0.16580229984391467,0.195,0.41364444718471316,0.45,0.5947409211965559,0.585,0.14,0.133654,0.147092,0.56,0.543159,0.729403,0.766,0.715630,0.934457,0.865,0.798611,0.984120,0.904,0.847278,0.996152,0.00833850442983846,0.008489400007704859,0.005,0.16950611763603765,0.18974805572277254,0.195,0.3640910202993354,0.4473292258859098,0.375,0.49709426988662686,0.6378217579954163,0.47,0.103,0.080968,0.581,0.521717,0.83,0.786754,0.948,0.904917,0.985,0.957599,0.0031366222651050065,0.01,0.10855202455047089,0.1,0.2958593918917348,0.315,0.4601695042978745,0.535
56,0.224,0.243490,0.282160,0.757,0.740528,0.930267,0.904,0.874243,0.996087,0.941,0.924200,0.999780,0.961,0.948963,0.999988,0.019107578281657794,0.020111837690928627,0.035,0.2971788516627058,0.34892204187791487,0.28,0.555214787503624,0.6922243693104132,0.5,0.6969172421388338,0.8651883505457477,0.72,0.197,0.197293,0.794,0.785441,0.945,0.937699,0.985,0.977147,0.991,0.990114,0.010672702376769894,0.01,0.251458983112093,0.31,0.5478843529791976,0.475,0.7275678548929838,0.68,0.202,0.191994,0.216430,0.661,0.642546,0.846394,0.843,0.799123,0.979546,0.928,0.866725,0.997275,0.948,0.903660,0.999637,0.015294394391706814,0.015591902028531803,0.025,0.2416053213405915,0.27708793467709436,0.285,0.46568978769911834,0.5804544127021819,0.405,0.601987229749883,0.7675159191463661,0.625,0.162,0.128199,0.703,0.671018,0.921,0.901661,0.981,0.970602,0.994,0.991210,0.0062633485702603365,0.005,0.1725629536460586,0.205,0.42080370735617745,0.445,0.6092154277804022,0.625
57,0.312,0.331223,0.391323,0.828,0.822460,0.976418,0.946,0.924786,0.999578,0.976,0.958181,0.999992,0.985,0.973376,1.000000,0.033909510210502765,0.0357711883355445,0.065,0.39931154746446995,0.4758632902096037,0.415,0.6642180112610566,0.8149599952017158,0.625,0.78966741175392,0.9400640297686848,0.75,0.298,0.287814,0.868,0.881968,0.98,0.976445,0.996,0.993149,0.999,0.997217,0.02029074306528817,0.02,0.3631604219092836,0.415,0.6849402214673914,0.68,0.8403827350386185,0.81,0.293,0.265059,0.306052,0.762,0.735506,0.929698,0.911,0.867386,0.995884,0.957,0.918034,0.999759,0.973,0.943696,0.999986,0.027205515594951653,0.027830692964402375,0.02,0.33060801994897965,0.3875412809047133,0.36,0.5726440316337422,0.7139632195730479,0.67,0.7026294158707451,0.8732123545609367,0.725,0.239,0.195781,0.822,0.809799,0.97,0.968236,0.997,0.994695,0.999,0.999004,0.012219176235032872,0.005,0.2637456635851222,0.345,0.5670015423733752,0.66,0.7563966779681202,0.745
58,0.407,0.431229,0.516509,0.884,0.887214,0.994531,0.967,0.958662,0.999979,0.986,0.978824,1.000000,0.991,0.987196,1.000000,0.05801982210752438,0.0614927246477945,0.09,0.5121681452026177,0.6138923220122899,0.465,0.7632729135985747,0.9068618822369217,0.725,0.8648855914819559,0.9795728769084813,0.845,0.388,0.399724,0.928,0.945787,0.995,0.992867,0.999,0.997996,1.0,0.998829,0.037361941861715785,0.055,0.4959452750035514,0.54,0.8067953279715594,0.8,0.9209931932597258,0.905,0.384,0.351804,0.414880,0.838,0.816209,0.975752,0.946,0.918682,0.999534,0.975,0.953385,0.999991,0.99,0.969611,1.000000,0.04675246223819729,0.048116299783881517,0.075,0.4334169616169513,0.5160258325840528,0.465,0.6771229200204197,0.8303048421611645,0.655,0.7918019014536928,0.9438407893572268,0.815,0.319,0.287362,0.905,0.913821,0.993,0.993766,1.0,0.999119,1.0,1.000000,0.02319185332824557,0.025,0.38416184285551014,0.405,0.7168042187501283,0.705,0.876401927491764,0.87
59,0.502,0.537899,0.647175,0.932,0.933899,0.999216,0.984,0.979165,1.000000,0.991,0.990081,1.000000,0.998,0.994194,1.000000,0.09527664787016192,0.10171484845715714,0.11,0.6269682661816027,0.7464111630789291,0.725,0.8454024325971305,0.9624328703175784,0.89,0.9202667799259868,0.9949796852440619,0.955,0.521,0.526860,0.976,0.979827,1.0,0.997953,1.0,0.998968,1.0,0.999048,0.06625572340462019,0.1,0.6369860012222737,0.65,0.8987363338523119,0.905,0.9680516089341211,0.95,0.476,0.449057,0.537485,0.913,0.880842,0.994197,0.972,0.953907,0.999975,0.991,0.975525,1.000000,0.997,0.984821,1.000000,0.07733392227203555,0.0802973525131279,0.155,0.5438569966785382,0.6509237153428274,0.64,0.7712967270041484,0.9155689051661943,0.79,0.8643714899294178,0.9808174348604788,0.915,0.434,0.403321,0.966,0.972091,1.0,0.999010,1.0,1.000000,1.0,1.000000,0.04263350880054427,0.065,0.528262910048017,0.6,0.8456773874371685,0.845,0.9524637322732337,0.96
60,0.623,0.643889,0.768917,0.967,0.964421,0.999939,0.994,0.990293,1.000000,0.996,0.995553,1.000000,0.999,0.997337,1.000000,0.1495983796006719,0.16122233008295556,0.17,0.7338161746644407,0.8558956630812119,0.635,0.9071962793898641,0.9884366876105389,0.915,0.9570947146115872,0.9991682609293304,0.955,0.647,0.657578,0.995,0.993887,1.0,0.999005,1.0,0.999077,1.0,0.999060,0.11254946871769066,0.195,0.7680191802630646,0.77,0.9560402773671502,0.93,0.9898202083102342,0.98,0.57,0.551583,0.663624,0.953,0.928349,0.999127,0.987,0.975892,1.000000,0.996,0.988074,1.000000,0.998,0.992873,1.000000,0.12263195663942633,0.12880203493958584,0.145,0.6534890894498808,0.7758987302767225,0.72,0.8491945775028982,0.9662068093225747,0.82,0.9183377745800947,0.9952316479229247,0.945,0.558,0.538042,0.988,0.994262,1.0,1.000000,1.0,1.000000,1.0,1.000000,0.07548568672295024,0.09,0.6799899638065715,0.715,0.9340474767583231,0.91,0.9872980220350536,0.97
61,0.717,0.741531,0.867832,0.988,0.982421,1.000000,0.996,0.995683,1.000000,1.0,0.997906,1.000000,1.0,0.998565,1.000000,0.2238513520054231,0.24381823891566431,0.32,0.8242626653812757,0.9314898679483983,0.84,0.9491681462427048,0.9974246353210867,0.95,0.9791058063981194,0.999913613099695,0.99,0.776,0.777108,1.0,0.998149,1.0,0.999131,1.0,0.999081,1.0,1.000000,0.18208700545963005,0.23,0.8720266491000315,0.89,0.9847142798926349,0.98,0.9975439820924572,0.99,0.668,0.652765,0.779889,0.976,0.960207,0.999927,0.995,0.988308,1.000000,0.999,0.994482,1.000000,1.0,0.996695,1.000000,0.1858554547073679,0.19783488963337853,0.21,0.753551907272619,0.8755732902331165,0.82,0.9080524910171107,0.9896111983932451,0.9,0.9548471472222889,0.9991905564685581,0.955,0.667,0.678320,0.996,0.999355,1.0,1.000000,1.0,1.000000,1.0,1.000000,0.12803072237334007,0.2,0.8156579411115239,0.815,0.979459323104424,0.975,0.997875882116851,1.0
62,0.803,0.824533,0.936038,0.995,0.991948,1.000000,0.997,0.997986,1.000000,1.0,0.998774,1.000000,1.0,0.998959,1.000000,0.318335817595828,0.35024094806042017,0.4,0.8935052256418627,0.9737298046292114,0.885,0.974780366856745,0.999607833137262,0.95,0.9908743650012799,0.9999947898780803,0.985,0.87,0.872448,1.0,0.999030,1.0,0.999137,1.0,1.000000,1.0,1.000000,0.27884538170573664,0.325,0.9408165985022142,0.89,0.9958930266403238,1.0,0.9995718976851693,1.0,0.762,0.745818,0.873752,0.988,0.979622,1.000000,0.997,0.994615,1.000000,1.0,0.997406,1.000000,1.0,0.998301,1.000000,0.26849008149764664,0.2897826743451586,0.305,0.8370926226492165,0.9421208632967311,0.845,0.9484929635937677,0.9976665466575203,0.955,0.9772223455000376,0.99991234471886,0.975,0.773,0.805416,1.0,0.999355,1.0,1.000000,1.0,1.000000,1.0,1.000000,0.20670352826845018,0.33,0.9143055900945913,0.885,0.9957256483245336,0.985,0.9998033086391434,0.995
63,0.863,0.889321,0.974731,0.998,0.996428,1.000000,1.0,0.998831,1.000000,1.0,0.999029,1.000000,1.0,0.999050,1.000000,0.42953068618193796,0.47604056084083035,0.46,0.9412106418608557,0.9921883766800427,0.94,0.9887598886538627,0.999961529853156,0.985,0.9964739458843342,0.9999998315222859,1.0,0.927,0.937395,1.0,0.999133,1.0,1.000000,1.0,1.000000,1.0,1.000000,0.4019035816523912,0.52,0.9777546642357672,0.98,0.9991812570757664,0.995,0.9999493006720196,1.0,0.826,0.825200,0.938407,0.994,0.990311,1.000000,1.0,0.997480,1.000000,1.0,0.998577,1.000000,1.0,0.998877,1.000000,0.3690630878936393,0.4032690218721437,0.42,0.900604610921179,0.978209732937833,0.94,0.973659304331254,0.9996368974428725,0.97,0.989596874668955,0.9999943642263632,0.98,0.86,0.902038,1.0,1.000000,1.0,1.000000,1.0,1.000000,1.0,1.000000,0.3155031958800312,0.39,0.9697424611191023,0.95,0.9994628022349681,0.995,0.9999912425945306,1.0
64,0.915,0.935539,0.992172,0.998,0.998283,1.000000,1.0,0.999079,1.000000,1.0,0.999080,1.000000,1.0,0.999061,1.000000,0.5497106132720088,0.6105275980240803,0.63,0.9706508417352931,0.9982715738796052,0.97,0.995551628617159,0.999997714026106,0.99,0.9988239181470749,0.9999999973085988,1.0,0.965,0.974327,1.0,0.999137,1.0,1.000000,1.0,1.000000,1.0,1.000000,0.542670675106549,0.59,0.9934231602873049,0.99,0.9998847492034074,1.0,0.9999962603793905,1.0,0.886,0.887739,0.975295,0.996,0.995607,1.000000,1.0,0.998623,1.000000,1.0,0.998969,1.000000,1.0,0.999036,1.000000,0.4823416447195723,0.5314891094129535,0.57,0.9443853207888955,0.9936000277598588,0.945,0.9877898045988134,0.9999629724812426,0.98,0.9957464835342715,0.9999998002975318,0.995,0.932,0.961027,1.0,1.000000,1.0,1.000000,1.0,1.000000,1.0,1.000000,0.4520475291787144,0.555,0.9924388431228004,0.955,0.9999636809994139,1.0,0.9999998403600243,1.0
65,0.951,0.965508,0.998181,0.999,0.998938,1.000000,1.0,0.999130,1.000000,1.0,0.999084,1.000000,1.0,1.000000,1.000000,0.6681219485916439,0.7383934949188934,0.755,0.9868518679427,0.9997272420645229,0.99,0.9984670182645295,0.9999999226989524,1.0,0.9996762462723654,0.999999999980446,1.0,0.98,0.991397,1.0,1.000000,1.0,1.000000,1.0,1.000000,1.0,1.000000,0.6848146145363766,0.73,0.9985234508143866,0.995,0.9999892760078894,1.0,0.9999998479812416,1.0,0.926,0.933042,0.992157,0.997,0.997945,1.000000,1.0,0.999004,1.000000,1.0,0.999066,1.000000,1.0,0.999064,1.000000,0.5996399449343011,0.6621820128211056,0.7,0.9716393296151609,0.9985883697045234,0.985,0.9949194913924795,0.9999976623964002,0.995,0.9984740111078325,0.9999999963847707,0.995,0.969,0.988484,1.0,1.000000,1.0,1.000000,1.0,1.000000,1.0,1.000000,0.6040760381687649,0.64,0.9987666622469525,1.0,0.9999988413644505,1.0,0.9999999990059987,1.0
66,0.973,0.983111,0.999698,1.0,0.999124,1.000000,1.0,0.999134,1.000000,1.0,1.000000,1.000000,1.0,1.000000,1.000000,0.7737897618809126,0.8445994682328163,0.765,0.9947667721211202,0.9999705968411773,0.995,0.9995558446277847,0.9999999986031944,1.0,0.9999317187094042,0.9999999999999405,1.0,0.992,0.997601,1.0,1.000000,1.0,1.000000,1.0,1.000000,1.0,1.000000,0.8090046808955768,0.815,0.9997581773862906,1.0,0.999999398022017,1.0,0.9999999970977193,1.0,0.96,0.963092,0.998111,0.999,0.998848,1.000000,1.0,0.999099,1.000000,1.0,0.999080,1.000000,1.0,0.999065,1.000000,0.7107391085291974,0.7805862842718152,0.765,0.9869093805083968,0.9997752632789686,0.97,0.9981337889168488,0.9999999138124545,1.0,0.9995372311060797,0.9999999999690458,1.0,0.995,0.997651,1.0,1.000000,1.0,1.000000,1.0,1.000000,1.0,1.000000,0.7503421181370119,0.77,0.9998802979356904,1.0,0.9999999849652371,1.0,0.9999999999982767,1.0
67,0.988,0.992404,0.999966,1.0,0.999160,1.000000,1.0,1.000000,1.000000,1.0,1.000000,1.000000,1.0,1.000000,1.000000,0.8586815760863935,0.9202016747528614,0.81,0.9981784201671476,0.9999979267002296,1.0,0.9998979686880908,0.9999999999873347,1.0,0.999990087933729,0.9999999999999999,1.0,0.999,0.999240,1.0,1.000000,1.0,1.000000,1.0,1.000000,1.0,1.000000,0.9008847176523518,0.94,0.9999725073756224,1.0,0.9999999819600404,1.0,0.9999999999785166,1.0,0.982,0.981257,0.999670,1.0,0.999138,1.000000,1.0,0.999113,1.000000,1.0,1.000000,1.000000,1.0,1.000000,1.000000,0.806351929564667,0.8742022342700468,0.85,0.9945782703903305,0.999975173698057,1.0,0.9994126053052211,0.9999999982483914,0.995,0.9998886701607003,0.9999999999998839,1.0,0.999,0.999696,1.0,1.000000,1.0,1.000000,1.0,1.000000,1.0,1.000000,0.8679222471192787,0.865,0.9999937694230916,1.0,0.9999999999328032,1.0,0.9999999999999993,1.0
68,0.994,0.996811,1.000000,1.0,0.999163,1.000000,1.0,1.000000,1.000000,1.0,1.000000,1.000000,1.0,1.000000,1.000000,0.9197578513379724,0.9654129975140092,0.93,0.9994604843385615,0.9999999084525049,1.0,0.9999829491520261,0.9999999999999459,1.0,0.9999991353880237,1.0,1.0,1.0,0.999538,1.0,1.000000,1.0,1.000000,1.0,1.000000,1.0,1.000000,0.9571612782983079,0.925,0.9999979683655115,1.0,0.9999999997520476,1.0,0.999999999999951,1.0,0.992,0.991223,0.999960,1.0,0.999208,1.000000,1.0,0.999113,1.000000,1.0,1.000000,1.000000,1.0,1.000000,1.000000,0.8807832173258653,0.9376726374596392,0.875,0.9980132831811898,0.9999981711032156,1.0,0.9998494400438607,0.9999999999814794,1.0,0.9999806704956048,0.9999999999999998,1.0,1.0,0.999696,1.0,1.000000,1.0,1.000000,1.0,1.000000,1.0,1.000000,0.9440029666274268,0.92,0.9999998453685959,1.0,0.9999999999999143,1.0,1.0,1.0
69,0.998,0.998656,1.000000,1.0,1.000000,1.000000,1.0,1.000000,1.000000,1.0,1.000000,1.000000,1.0,1.000000,1.000000,0.9589164952393272,0.9876560314565473,0.975,0.9998700605825197,0.9999999975770077,1.0,0.9999981451125541,0.9999999999999999,1.0,0.9999999612970767,1.0,1.0,1.0,0.999566,1.0,1.000000,1.0,1.000000,1.0,1.000000,1.0,1.000000,0.9850242751837187,0.975,0.9999999106564081,1.0,0.9999999999986905,1.0,1.0000000000000007,1.0,0.995,0.996161,1.000000,1.0,0.999218,1.000000,1.0,1.000000,1.000000,1.0,1.000000,1.000000,1.0,1.000000,1.000000,0.9329867754857397,0.9739025379332457,0.94,0.9993716044190737,0.9999999136882289,0.995,0.9999708951797078,0.9999999999999039,1.0,0.9999978592727123,1.0,1.0,1.0,1.000000,1.0,1.000000,1.0,1.000000,1.0,1.000000,1.0,1.000000,0.9819585632998853,0.97,0.9999999983998767,1.0,1.0,1.0,1.0,1.0
70,0.999,0.999327,1.000000,1.0,1.000000,1.000000,1.0,1.000000,1.000000,1.0,1.000000,1.000000,1.0,1.000000,1.000000,0.9811808504580879,0.9964625841494754,0.98,0.9999761999647667,0.9999999999631908,1.0,0.9999998846933308,1.0,0.995,0.9999999992539036,1.0,1.0,1.0,0.999566,1.0,1.000000,1.0,1.000000,1.0,1.000000,1.0,1.000000,0.9958941035133446,0.99,0.9999999979124495,1.0,0.9999999999999987,1.0,1.0000000000000009,1.0,0.999,0.998354,1.000000,1.0,0.999218,1.000000,1.0,1.000000,1.000000,1.0,1.000000,1.000000,1.0,1.000000,1.000000,0.9658358799324787,0.9909733996601564,0.97,0.9998353433549482,0.9999999974928018,1.0,0.9999961662623806,0.9999999999999998,1.0,0.9999998693624388,1.0,1.0,1.0,1.000000,1.0,1.000000,1.0,1.000000,1.0,1.000000,1.0,1.000000,0.9958446052901326,0.995,0.9999999999940791,1.0,1.0,1.0,1.0,1.0
